{"test_5e6cbfe2": {"fingerprint": [5986824, 4936008, 5855266, 5986880, 5986824, 4413512, 1922816, 3774208, 5949968, 3890688, 7035912, 4936002, 741704, 4935946, 5984840, 5462088, 1004290, 578320, 4771896, 741698, 4938496, 5985088, 610600, 741480, 3888224, 8083528, 4938496, 5984840, 5986880, 4937992, 3888194, 5395016, 6967624, 4936008, 5984834, 3890240, 5984834, 4935754, 5984330, 5984834, 2841856, 1790784, 610600, 742208, 4936008, 2841856, 5986880, 5986376, 5986376, 5986880, 1790784, 7033154, 7559240, 1790026, 5984840, 4937800, 2838850, 2838856, 4936008, 4938048, 4870424, 4935754, 7034952, 4936008, 7032906, 7035144, 8083528, 5986376, 3584], "duration_sec": 204.5445625}, "test_fdf7f6d5": {"fingerprint": [5986824, 4936008, 5855266, 5986880, 5986824, 4413512, 1922816, 3774208, 5949968, 3890688, 7035912, 4936002, 741704, 4935946, 5984840, 5462088, 1004290, 578320, 4771896, 741698, 4938496, 5985088, 610600, 741480, 3888224, 8083528, 4938496, 5984840, 5986880, 4937992, 3888194, 5395016, 6967624, 4936008, 5984834, 3890240, 5984834, 4935754, 5984330, 5984834, 2841856, 1790784, 610600, 742208, 4936008, 2841856, 5986880, 5986376, 5986376, 5986880, 1790784, 7033154, 7559240, 1790026, 5984840, 4937800, 2838850, 2838856, 4936008, 4938048, 4870424, 4935754, 7034952, 4936008, 7032906, 7035144, 8083528, 5986376, 3584], "duration_sec": 204.5445625}}