{"0": {"video_path": "assets\\official\\596915a1-f157-4809-bb93-7231e109f02c.mp4", "timestamp_sec": 0.0, "scene_idx": 0, "screen_capture": false, "screen_confidence": 0.0}, "1": {"video_path": "assets\\official\\596915a1-f157-4809-bb93-7231e109f02c.mp4", "timestamp_sec": 0.46713333333333334, "scene_idx": 1, "screen_capture": false, "screen_confidence": 0.0}, "2": {"video_path": "assets\\official\\596915a1-f157-4809-bb93-7231e109f02c.mp4", "timestamp_sec": 6.072733333333334, "scene_idx": 2, "screen_capture": false, "screen_confidence": 0.0}, "3": {"video_path": "assets\\official\\596915a1-f157-4809-bb93-7231e109f02c.mp4", "timestamp_sec": 6.539866666666667, "scene_idx": 3, "screen_capture": false, "screen_confidence": 0.0}, "4": {"video_path": "assets\\official\\596915a1-f157-4809-bb93-7231e109f02c.mp4", "timestamp_sec": 127.06026666666666, "scene_idx": 4, "screen_capture": false, "screen_confidence": 0.0}, "5": {"video_path": "assets\\official\\596915a1-f157-4809-bb93-7231e109f02c.mp4", "timestamp_sec": 127.5274, "scene_idx": 5, "screen_capture": false, "screen_confidence": 0.0}, "6": {"video_path": "assets\\official\\596915a1-f157-4809-bb93-7231e109f02c.mp4", "timestamp_sec": 244.31073333333333, "scene_idx": 6, "screen_capture": false, "screen_confidence": 0.0}, "7": {"video_path": "assets\\official\\596915a1-f157-4809-bb93-7231e109f02c.mp4", "timestamp_sec": 249.4492, "scene_idx": 7, "screen_capture": false, "screen_confidence": 0.0}, "8": {"video_path": "assets\\official\\596915a1-f157-4809-bb93-7231e109f02c.mp4", "timestamp_sec": 311.1108, "scene_idx": 8, "screen_capture": false, "screen_confidence": 0.0}, "9": {"video_path": "assets\\official\\596915a1-f157-4809-bb93-7231e109f02c.mp4", "timestamp_sec": 380.24653333333333, "scene_idx": 9, "screen_capture": false, "screen_confidence": 0.0}, "10": {"video_path": "assets\\official\\596915a1-f157-4809-bb93-7231e109f02c.mp4", "timestamp_sec": 616.616, "scene_idx": 10, "screen_capture": false, "screen_confidence": 0.0}, "11": {"video_path": "assets\\official\\596915a1-f157-4809-bb93-7231e109f02c.mp4", "timestamp_sec": 745.0776666666667, "scene_idx": 11, "screen_capture": false, "screen_confidence": 0.0}, "12": {"video_path": "assets\\official\\596915a1-f157-4809-bb93-7231e109f02c.mp4", "timestamp_sec": 807.6735333333334, "scene_idx": 12, "screen_capture": false, "screen_confidence": 0.0}, "13": {"video_path": "assets\\official\\596915a1-f157-4809-bb93-7231e109f02c.mp4", "timestamp_sec": 812.3448666666667, "scene_idx": 13, "screen_capture": false, "screen_confidence": 0.0}, "14": {"video_path": "assets\\official\\596915a1-f157-4809-bb93-7231e109f02c.mp4", "timestamp_sec": 812.812, "scene_idx": 14, "screen_capture": false, "screen_confidence": 0.0}}