{"0": {"video_path": "assets\\official\\596915a1-f157-4809-bb93-7231e109f02c.mp4", "timestamp_sec": 0.0, "scene_idx": 0, "screen_capture": false, "screen_confidence": 0.0}, "1": {"video_path": "assets\\official\\596915a1-f157-4809-bb93-7231e109f02c.mp4", "timestamp_sec": 0.46713333333333334, "scene_idx": 1, "screen_capture": false, "screen_confidence": 0.0}, "2": {"video_path": "assets\\official\\596915a1-f157-4809-bb93-7231e109f02c.mp4", "timestamp_sec": 6.072733333333334, "scene_idx": 2, "screen_capture": false, "screen_confidence": 0.0}, "3": {"video_path": "assets\\official\\596915a1-f157-4809-bb93-7231e109f02c.mp4", "timestamp_sec": 6.539866666666667, "scene_idx": 3, "screen_capture": false, "screen_confidence": 0.0}, "4": {"video_path": "assets\\official\\596915a1-f157-4809-bb93-7231e109f02c.mp4", "timestamp_sec": 127.06026666666666, "scene_idx": 4, "screen_capture": false, "screen_confidence": 0.0}, "5": {"video_path": "assets\\official\\596915a1-f157-4809-bb93-7231e109f02c.mp4", "timestamp_sec": 127.5274, "scene_idx": 5, "screen_capture": false, "screen_confidence": 0.0}, "6": {"video_path": "assets\\official\\596915a1-f157-4809-bb93-7231e109f02c.mp4", "timestamp_sec": 244.31073333333333, "scene_idx": 6, "screen_capture": false, "screen_confidence": 0.0}, "7": {"video_path": "assets\\official\\596915a1-f157-4809-bb93-7231e109f02c.mp4", "timestamp_sec": 249.4492, "scene_idx": 7, "screen_capture": false, "screen_confidence": 0.0}, "8": {"video_path": "assets\\official\\596915a1-f157-4809-bb93-7231e109f02c.mp4", "timestamp_sec": 311.1108, "scene_idx": 8, "screen_capture": false, "screen_confidence": 0.0}, "9": {"video_path": "assets\\official\\596915a1-f157-4809-bb93-7231e109f02c.mp4", "timestamp_sec": 380.24653333333333, "scene_idx": 9, "screen_capture": false, "screen_confidence": 0.0}, "10": {"video_path": "assets\\official\\596915a1-f157-4809-bb93-7231e109f02c.mp4", "timestamp_sec": 616.616, "scene_idx": 10, "screen_capture": false, "screen_confidence": 0.0}, "11": {"video_path": "assets\\official\\596915a1-f157-4809-bb93-7231e109f02c.mp4", "timestamp_sec": 745.0776666666667, "scene_idx": 11, "screen_capture": false, "screen_confidence": 0.0}, "12": {"video_path": "assets\\official\\596915a1-f157-4809-bb93-7231e109f02c.mp4", "timestamp_sec": 807.6735333333334, "scene_idx": 12, "screen_capture": false, "screen_confidence": 0.0}, "13": {"video_path": "assets\\official\\596915a1-f157-4809-bb93-7231e109f02c.mp4", "timestamp_sec": 812.3448666666667, "scene_idx": 13, "screen_capture": false, "screen_confidence": 0.0}, "14": {"video_path": "assets\\official\\596915a1-f157-4809-bb93-7231e109f02c.mp4", "timestamp_sec": 812.812, "scene_idx": 14, "screen_capture": false, "screen_confidence": 0.0}, "15": {"video_path": "assets\\official\\test_5e6cbfe2.mp4", "timestamp_sec": 0.0, "scene_idx": 0, "screen_capture": false, "screen_confidence": 0.0}, "16": {"video_path": "assets\\official\\test_5e6cbfe2.mp4", "timestamp_sec": 5.28, "scene_idx": 1, "screen_capture": false, "screen_confidence": 0.0}, "17": {"video_path": "assets\\official\\test_5e6cbfe2.mp4", "timestamp_sec": 6.24, "scene_idx": 2, "screen_capture": false, "screen_confidence": 0.0}, "18": {"video_path": "assets\\official\\test_5e6cbfe2.mp4", "timestamp_sec": 7.2, "scene_idx": 3, "screen_capture": false, "screen_confidence": 0.0}, "19": {"video_path": "assets\\official\\test_5e6cbfe2.mp4", "timestamp_sec": 9.12, "scene_idx": 4, "screen_capture": false, "screen_confidence": 0.0}, "20": {"video_path": "assets\\official\\test_5e6cbfe2.mp4", "timestamp_sec": 10.56, "scene_idx": 5, "screen_capture": false, "screen_confidence": 0.0}, "21": {"video_path": "assets\\official\\test_5e6cbfe2.mp4", "timestamp_sec": 11.04, "scene_idx": 6, "screen_capture": false, "screen_confidence": 0.0}, "22": {"video_path": "assets\\official\\test_5e6cbfe2.mp4", "timestamp_sec": 12.0, "scene_idx": 7, "screen_capture": false, "screen_confidence": 0.0}, "23": {"video_path": "assets\\official\\test_5e6cbfe2.mp4", "timestamp_sec": 15.36, "scene_idx": 8, "screen_capture": false, "screen_confidence": 0.0}, "24": {"video_path": "assets\\official\\test_5e6cbfe2.mp4", "timestamp_sec": 16.32, "scene_idx": 9, "screen_capture": false, "screen_confidence": 0.0}, "25": {"video_path": "assets\\official\\test_5e6cbfe2.mp4", "timestamp_sec": 19.68, "scene_idx": 10, "screen_capture": false, "screen_confidence": 0.0}, "26": {"video_path": "assets\\official\\test_5e6cbfe2.mp4", "timestamp_sec": 20.64, "scene_idx": 11, "screen_capture": false, "screen_confidence": 0.0}, "27": {"video_path": "assets\\official\\test_5e6cbfe2.mp4", "timestamp_sec": 25.44, "scene_idx": 12, "screen_capture": false, "screen_confidence": 0.0}, "28": {"video_path": "assets\\official\\test_5e6cbfe2.mp4", "timestamp_sec": 35.04, "scene_idx": 13, "screen_capture": false, "screen_confidence": 0.0}, "29": {"video_path": "assets\\official\\test_5e6cbfe2.mp4", "timestamp_sec": 36.0, "scene_idx": 14, "screen_capture": false, "screen_confidence": 0.0}, "30": {"video_path": "assets\\official\\test_5e6cbfe2.mp4", "timestamp_sec": 37.92, "scene_idx": 15, "screen_capture": false, "screen_confidence": 0.0}, "31": {"video_path": "assets\\official\\test_5e6cbfe2.mp4", "timestamp_sec": 38.4, "scene_idx": 16, "screen_capture": false, "screen_confidence": 0.0}, "32": {"video_path": "assets\\official\\test_5e6cbfe2.mp4", "timestamp_sec": 41.76, "scene_idx": 17, "screen_capture": false, "screen_confidence": 0.0}, "33": {"video_path": "assets\\official\\test_5e6cbfe2.mp4", "timestamp_sec": 42.24, "scene_idx": 18, "screen_capture": false, "screen_confidence": 0.0}, "34": {"video_path": "assets\\official\\test_5e6cbfe2.mp4", "timestamp_sec": 46.56, "scene_idx": 19, "screen_capture": false, "screen_confidence": 0.0}, "35": {"video_path": "assets\\official\\test_5e6cbfe2.mp4", "timestamp_sec": 51.36, "scene_idx": 20, "screen_capture": false, "screen_confidence": 0.0}, "36": {"video_path": "assets\\official\\test_5e6cbfe2.mp4", "timestamp_sec": 52.8, "scene_idx": 21, "screen_capture": false, "screen_confidence": 0.0}, "37": {"video_path": "assets\\official\\test_5e6cbfe2.mp4", "timestamp_sec": 53.28, "scene_idx": 22, "screen_capture": false, "screen_confidence": 0.0}, "38": {"video_path": "assets\\official\\test_5e6cbfe2.mp4", "timestamp_sec": 54.72, "scene_idx": 23, "screen_capture": false, "screen_confidence": 0.0}, "39": {"video_path": "assets\\official\\test_5e6cbfe2.mp4", "timestamp_sec": 56.16, "scene_idx": 24, "screen_capture": false, "screen_confidence": 0.0}, "40": {"video_path": "assets\\official\\test_5e6cbfe2.mp4", "timestamp_sec": 76.8, "scene_idx": 25, "screen_capture": false, "screen_confidence": 0.0}, "41": {"video_path": "assets\\official\\test_5e6cbfe2.mp4", "timestamp_sec": 77.28, "scene_idx": 26, "screen_capture": false, "screen_confidence": 0.0}, "42": {"video_path": "assets\\official\\test_5e6cbfe2.mp4", "timestamp_sec": 78.72, "scene_idx": 27, "screen_capture": false, "screen_confidence": 0.0}, "43": {"video_path": "assets\\official\\test_5e6cbfe2.mp4", "timestamp_sec": 79.2, "scene_idx": 28, "screen_capture": false, "screen_confidence": 0.0}, "44": {"video_path": "assets\\official\\test_5e6cbfe2.mp4", "timestamp_sec": 80.16, "scene_idx": 29, "screen_capture": false, "screen_confidence": 0.0}, "45": {"video_path": "assets\\official\\test_5e6cbfe2.mp4", "timestamp_sec": 87.36, "scene_idx": 30, "screen_capture": false, "screen_confidence": 0.0}, "46": {"video_path": "assets\\official\\test_5e6cbfe2.mp4", "timestamp_sec": 88.8, "scene_idx": 31, "screen_capture": false, "screen_confidence": 0.0}, "47": {"video_path": "assets\\official\\test_5e6cbfe2.mp4", "timestamp_sec": 90.72, "scene_idx": 32, "screen_capture": false, "screen_confidence": 0.0}, "48": {"video_path": "assets\\official\\test_5e6cbfe2.mp4", "timestamp_sec": 91.2, "scene_idx": 33, "screen_capture": false, "screen_confidence": 0.0}, "49": {"video_path": "assets\\official\\test_5e6cbfe2.mp4",